0;111;178;0
0;111;178;1
0;111;178;2
0;111;178;3
0;111;178;4
0;111;178;5
8;111;178;6
8;111;178;7
8;111;178;8
17;111;178;9
17;111;178;10
24;111;178;11
27;111;178;12
31;113;178;13
34;115;178;14
37;115;178;15
40;115;178;16
40;115;178;17
43;115;178;18
43;115;178;19
43;115;178;20
46;113;178;21
46;113;178;22
46;113;178;23
49;113;178;24
53;113;178;25
56;113;178;26
56;114;178;27
59;116;178;28
63;121;178;29
63;125;178;30
69;126;178;31
72;128;178;32
75;129;178;33
75;131;178;34
81;131;178;35
84;133;178;36
87;134;178;37
90;134;178;38
93;134;178;39
96;136;178;40
99;136;178;41
102;137;178;42
105;137;178;43
108;139;178;44
111;139;178;45
114;141;178;46
116;141;178;47
119;141;178;48
122;142;178;49
125;142;178;50
129;142;178;51
133;143;178;52
137;143;178;53
137;144;178;54
144;145;178;55
147;145;178;56
149;145;178;57
151;149;178;58
154;149;178;59
156;147;178;60
160;147;178;61
164;147;178;62
168;148;178;63
171;148;178;64
175;147;178;65
178;147;178;66
178;147;178;67
178;149;178;68
190;149;178;69
194;148;178;70
197;148;178;71
201;149;178;72
205;149;178;73
209;148;178;74
212;148;178;75
216;150;178;76
219;151;178;77
222;151;178;78
225;152;178;79
229;151;178;80
233;150;178;81
236;151;178;82
239;151;178;83
242;152;178;84
244;153;178;85
247;151;178;86
250;151;178;87
253;151;178;88
257;150;178;89
260;151;178;90
264;151;178;91
267;150;178;92
271;149;178;93
275;150;178;94
279;150;178;95
282;150;178;96
286;149;178;97
289;148;178;98
292;148;178;99
292;148;178;100
299;147;178;101
302;147;178;102
305;147;178;103
309;148;178;104
312;147;178;105
312;148;178;106
319;148;178;107
323;148;178;108
326;149;178;109
330;150;178;110
333;149;178;111
337;149;178;112
337;149;178;113
344;150;178;114
347;152;178;115
350;152;178;116
353;153;178;117
356;153;178;118
359;153;178;119
361;155;178;120
361;155;178;121
366;155;178;122
369;155;178;123
371;155;178;124
371;154;178;125
375;154;178;126
375;154;178;127
379;155;178;128
382;155;178;129
386;155;178;130
390;155;178;131
394;154;178;132
398;155;178;133
401;153;178;134
405;155;178;135
409;155;178;136
413;156;178;137
418;156;178;138
422;157;178;139
425;158;178;140
428;158;178;141
431;158;178;142
435;157;178;143
439;155;178;144
443;153;178;145
447;153;178;146
451;153;178;147
455;154;178;148
459;154;178;149
462;155;178;150
466;160;178;151
470;160;178;152
473;161;178;153
477;161;178;154
480;163;178;155
483;165;178;156
486;165;178;157
489;167;178;158
492;167;178;159
496;170;178;160
499;170;178;161
502;170;178;162
505;170;178;163
509;170;178;164
512;169;178;165
515;169;178;166
518;169;178;167
521;167;178;168
525;169;178;169
529;171;178;170
534;172;178;171
538;172;178;172
542;171;178;173
545;169;178;174
548;170;178;175
551;170;178;176
555;170;178;177
559;169;178;178
562;169;178;179
566;169;178;180
570;166;178;181
574;167;178;182
578;167;178;183
581;165;178;184
584;165;178;185
587;166;178;186
589;168;178;187
592;168;178;188
595;169;178;189
598;170;178;190
602;169;178;191
605;170;178;192
608;171;178;193
612;169;178;194
616;169;178;195
619;171;178;196
622;169;178;197
625;168;178;198
628;167;178;199
632;169;178;200
635;168;178;201
638;169;178;202
642;170;178;203
646;170;178;204
649;170;178;205
653;170;178;206
656;170;178;207
660;170;178;208
664;172;178;209
667;174;178;210
670;173;178;211
674;173;178;212
678;172;178;213
681;173;178;214
685;170;178;215
689;171;178;216
692;173;178;217
696;173;178;218
699;174;178;219
702;173;178;220
706;171;178;221
709;172;178;222
713;172;178;223
716;171;178;224
720;170;178;225
723;172;178;226
726;172;178;227
729;171;178;228
732;171;178;229
735;170;178;230
738;171;178;231
742;171;178;232
745;171;178;233
749;173;178;234
752;170;178;235
756;170;178;236
759;168;178;237
763;167;178;238
766;162;178;239
769;163;178;240
772;165;178;241
776;165;178;242
780;164;178;243
783;163;178;244
785;164;178;245
788;166;178;246
791;168;178;247
795;170;178;248
798;169;178;249
802;173;178;250
806;171;178;251
810;171;178;252
814;171;178;253
817;173;178;254
821;171;178;255
824;170;178;256
827;170;178;257
831;170;178;258
834;168;178;259
838;167;178;260
841;166;178;261
844;165;178;262
848;167;178;263
851;170;178;264
855;170;178;265
858;169;178;266
861;169;178;267
864;170;178;268
867;170;178;269
870;171;178;270
870;170;178;271
877;170;178;272
880;170;178;273
883;170;178;274
886;171;178;275
890;167;178;276
890;167;178;277
896;169;178;278
899;170;178;279
903;171;178;280
907;170;178;281
907;167;178;282
915;168;178;283
919;169;178;284
923;171;178;285
927;168;178;286
930;166;178;287
930;165;178;288
938;167;178;289
938;168;178;290
945;170;178;291
948;168;178;292
952;169;178;293
955;169;178;294
959;171;178;295
963;167;178;296
966;165;178;297
970;165;178;298
973;169;178;299
977;168;178;300
980;169;178;301
984;170;178;302
988;169;178;303
991;166;178;304
995;166;178;305
998;167;178;306
1002;171;178;307
1002;171;178;308
1002;168;178;309
1009;166;178;310
1013;166;178;311
1016;164;178;312
1019;164;178;313
1022;164;178;314
1026;164;178;315
1029;163;178;316
1029;164;178;317
1035;164;178;318
1039;165;178;319
1043;165;178;320
1046;168;178;321
1050;169;178;322
1053;170;178;323
1057;167;178;324
1061;169;178;325
1065;167;178;326
1069;169;178;327
1072;172;178;328
1076;170;178;329
1079;167;178;330
1083;163;178;331
1086;163;178;332
1090;166;178;333
1093;167;178;334
1097;167;178;335
1100;168;178;336
1103;169;178;337
1107;170;178;338
1111;171;178;339
1115;172;178;340
1118;172;178;341
1122;170;178;342
1126;171;178;343
1129;171;178;344
1133;172;178;345
1136;172;178;346
1140;172;178;347
1143;171;178;348
1147;171;178;349
1151;173;178;350
1154;175;178;351
1158;173;178;352
1162;171;178;353
1165;171;178;354
1169;170;178;355
1172;171;178;356
1176;171;178;357
1180;172;178;358
1183;171;178;359
1186;167;178;360
1190;169;178;361
1193;170;178;362
1197;168;178;363
1201;169;178;364
1204;169;178;365
1208;168;178;366
1212;168;178;367
1215;168;178;368
1219;166;178;369
1222;166;178;370
1225;167;178;371
1229;168;178;372
1232;169;178;373
1236;171;178;374
1239;169;178;375
1243;170;178;376
1247;168;178;377
1250;167;178;378
1254;166;178;379
1257;166;178;380
1261;168;178;381
1264;167;178;382
1268;168;178;383
1271;169;178;384
1274;167;178;385
1277;167;178;386
1281;165;178;387
1284;165;178;388
1288;167;178;389
1291;164;178;390
1295;166;178;391
1298;164;178;392
1302;165;178;393
1305;165;178;394
1308;165;178;395
1312;168;178;396
1316;168;178;397
1319;167;178;398
1323;168;178;399
1326;168;178;400
1330;169;178;401
1333;172;178;402
1336;171;178;403
1339;170;178;404
1343;169;178;405
1346;167;178;406
1349;168;178;407
1352;167;178;408
1355;167;178;409
1358;168;178;410
1361;167;178;411
1365;166;178;412
1368;166;178;413
1372;165;178;414
1376;165;178;415
1380;165;178;416
1384;164;178;417
1387;166;178;418
1391;164;178;419
1394;164;178;420
1397;164;178;421
1400;167;178;422
1404;167;178;423
1407;167;178;424
1411;166;178;425
1414;168;178;426
1418;167;178;427
1422;166;178;428
1425;167;178;429
1429;165;178;430
1429;168;178;431
1436;169;178;432
1436;169;178;433
1444;168;178;434
1449;168;178;435
1453;167;178;436
1457;167;178;437
1460;168;178;438
1464;166;178;439
1468;167;178;440
1472;168;178;441
1475;167;178;442
1479;167;178;443
1483;167;178;444
1486;169;178;445
1490;168;178;446
1493;168;178;447
1497;167;178;448
1500;164;178;449
1504;163;178;450
1507;165;178;451
1510;167;178;452
1514;167;178;453
1518;170;178;454
1521;168;178;455
1525;168;178;456
1529;169;178;457
1533;168;178;458
1536;168;178;459
1539;169;178;460
1543;169;178;461
1546;170;178;462
1550;168;178;463
1553;169;178;464
1556;169;178;465
1559;169;178;466
1563;169;178;467
1566;170;178;468
1570;170;178;469
1573;171;178;470
1577;170;178;471
1581;172;178;472
1584;175;178;473
1588;175;178;474
1592;175;178;475
1596;173;178;476
1599;171;178;477
1603;170;178;478
1607;168;178;479
1610;168;178;480
1614;168;178;481
1617;168;178;482
1621;168;178;483
1621;168;178;484
1624;168;178;485
1631;168;178;486
1635;168;178;487
1638;167;178;488
1641;168;178;489
1645;168;178;490
1648;168;178;491
1652;170;178;492
1655;169;178;493
1658;172;178;494
1662;174;178;495
1666;174;178;496
1669;174;178;497
1673;174;178;498
1676;171;178;499
1680;169;178;500
1683;169;178;501
1686;168;178;502
1690;168;178;503
1693;171;178;504
1697;171;178;505
1700;172;178;506
1703;172;178;507
1707;171;178;508
1710;170;178;509
1713;170;178;510
1717;170;178;511
1720;172;178;512
1724;171;178;513
1728;170;178;514
1731;170;178;515
1734;169;178;516
1738;171;178;517
1741;169;178;518
1744;170;178;519
1748;173;178;520
1752;173;178;521
1756;173;178;522
1760;175;178;523
1763;174;178;524
1767;176;178;525
1771;176;178;526
1774;174;178;527
1778;173;178;528
1781;173;178;529
1785;172;178;530
1789;172;178;531
1792;171;178;532
1796;173;178;533
1799;172;178;534
1803;173;178;535
1807;174;178;536
1810;175;178;537
1814;173;178;538
1817;174;178;539
1820;174;178;540
1824;174;178;541
1828;173;178;542
1831;175;178;543
1835;176;178;544
1838;175;178;545
1842;177;178;546
1845;177;178;547
1849;176;178;548
1852;176;178;549
1856;178;178;550
1859;176;178;551
1862;176;182;552
1865;178;182;553
1869;177;182;554
1872;176;182;555
1875;176;182;556
1879;177;182;557
1882;178;182;558
1884;176;182;559
1887;175;182;560
1891;175;182;561
1894;173;182;562
1897;175;182;563
1901;174;183;564
1904;174;183;565
1907;175;183;566
1910;177;183;567
1914;177;183;568
1917;176;183;569
1917;175;183;570
1924;176;183;571
1926;176;183;572
1930;175;183;573
1933;177;183;574
1935;179;183;575
1935;178;183;576
1940;178;183;577
1943;177;183;578
1947;176;183;579
1951;176;183;580
1955;177;183;581
1959;177;184;582
1963;177;184;583
1967;178;184;584
1970;177;184;585
1974;177;185;586
1977;179;185;587
1981;178;185;588
1985;176;185;589
1988;178;185;590
1992;178;185;591
1995;177;186;592
1998;177;186;593
2001;179;185;594
2001;179;185;595
2004;179;185;596
2008;177;185;597
2011;178;185;598
2014;177;185;599
2017;176;186;600
2020;177;186;601
2024;176;186;602
2027;174;186;603
2031;176;186;604
2034;175;186;605
2037;174;186;606
2040;174;187;607
2044;176;187;608
2047;174;187;609
2050;173;187;610
2053;175;187;611
2057;175;187;612
2060;174;187;613
2063;174;187;614
2067;174;187;615
2070;174;187;616
2073;174;187;617
2076;173;188;618
2079;173;188;619
2082;174;189;620
2085;175;189;621
2088;175;189;622
2091;176;189;623
2094;178;189;624
2096;179;189;625
2100;178;189;626
2102;178;189;627
2105;178;190;628
2109;176;190;629
2112;177;190;630
2115;176;191;631
2118;179;191;632
2121;178;191;633
2124;178;190;634
2127;178;190;635
2130;177;191;636
2133;177;191;637
2136;178;191;638
2139;177;191;639
2142;178;191;640
2145;178;191;641
2148;175;192;642
2151;177;192;643
2155;177;192;644
2158;176;192;645
2161;178;192;646
2163;175;192;647
2166;177;192;648
2169;176;192;649
2172;175;193;650
2175;175;193;651
2177;175;194;652
2180;175;195;653
2182;176;195;654
2185;174;195;655
2188;175;195;656
2191;175;195;657
2195;176;196;658
2198;178;196;659
2201;177;196;660
2204;176;197;661
2206;178;197;662
2208;178;197;663
2211;178;197;664
2213;177;197;665
2215;178;198;666
2217;177;198;667
2219;178;198;668
2219;180;199;669
2224;181;199;670
2227;180;199;671
2229;182;199;672
2232;181;199;673
2235;180;199;674
2237;181;199;675
2240;179;200;676
2242;179;200;677
2245;179;200;678
2248;179;200;679
2251;180;200;680
2254;179;200;681
2256;180;201;682
2259;179;201;683
2262;178;201;684
2264;180;201;685
2267;179;201;686
2267;179;201;687
2267;179;202;688
2267;178;202;689
2279;177;203;690
2279;178;203;691
2279;178;203;692
2279;181;205;693
2290;180;205;694
2290;180;205;695
2290;180;205;696
2290;180;205;697
2290;180;206;698
2302;180;206;699
2304;181;207;700
2307;182;207;701
2310;181;207;702
2312;182;207;703
2314;182;208;704
2317;183;209;705
2319;184;209;706
2321;184;209;707
2321;185;210;708
2324;182;210;709
2324;182;210;710
2328;182;210;711
2328;183;211;712
2331;184;211;713
2333;182;211;714
2336;180;212;715
2338;182;212;716
2338;182;212;717
2341;183;213;718
2343;183;214;719
2343;183;214;720
2347;185;215;721
2347;185;216;722
2350;184;216;723
2350;183;216;724
2353;183;216;725
2353;183;216;726
2357;183;217;727
2357;183;217;728
2361;184;217;729
2361;186;217;730
2364;186;218;731
2364;184;218;732
2367;183;219;733
2367;183;219;734
2371;183;220;735
2371;185;220;736
2374;185;220;737
2374;185;221;738
2378;184;221;739
2378;185;222;740
2381;185;222;741
2384;185;222;742
2386;186;223;743
2388;186;223;744
2388;183;223;745
2392;183;223;746
2394;185;223;747
2397;182;224;748
2399;182;224;749
2401;181;224;750
2404;181;224;751
2406;181;224;752
2408;180;224;753
2411;181;225;754
2413;180;225;755
2413;181;225;756
2417;183;226;757
2419;183;226;758
2421;183;226;759
2423;183;226;760
2426;182;227;761
2428;182;228;762
2430;183;228;763
2432;183;229;764
2435;185;229;765
2438;183;229;766
2440;183;229;767
2442;186;229;768
2444;185;229;769
2447;184;230;770
2449;186;230;771
2452;185;231;772
2454;186;231;773
2456;184;231;774
2459;185;231;775
2462;187;231;776
2465;188;232;777
2468;188;233;778
2470;189;233;779
2473;191;233;780
2476;192;233;781
2478;193;234;782
2481;192;234;783
2484;193;235;784
2486;193;235;785
2489;193;235;786
2491;193;235;787
2494;192;235;788
2497;192;235;789
2500;193;236;790
2502;193;236;791
2505;193;236;792
2509;196;237;793
2512;196;237;794
2515;196;237;795
2518;194;237;796
2521;194;237;797
2521;193;237;798
2527;192;238;799
2530;192;238;800
2533;191;238;801
2536;191;238;802
2540;189;238;803
2542;188;238;804
2545;188;238;805
2547;188;238;806
2550;188;238;807
2552;188;239;808
2555;188;240;809
2557;189;240;810
2557;189;240;811
2562;188;240;812
2564;187;241;813
2566;188;241;814
2566;187;241;815
2570;187;241;816
2572;186;241;817
2575;188;242;818
2577;187;242;819
2580;187;242;820
2582;188;243;821
2584;186;243;822
2586;186;243;823
2589;187;244;824
2591;185;244;825
2593;185;245;826
2595;185;246;827
2595;186;246;828
2595;188;246;829
2603;190;247;830
2603;187;247;831
2606;186;247;832
2606;187;248;833
2611;187;248;834
2613;189;248;835
2615;189;248;836
2619;188;248;837
2619;188;248;838
2619;188;248;839
2619;187;249;840
2619;188;249;841
2631;188;250;842
2631;189;250;843
2631;189;250;844
2631;189;250;845
2631;190;250;846
2643;188;250;847
2643;189;251;848
2643;188;252;849
2643;186;252;850
2643;186;252;851
2643;186;252;852
2655;186;252;853
2655;186;253;854
2655;185;254;855
2655;187;254;856
2655;188;254;857
2666;187;254;858
2666;186;254;859
2669;187;255;860
2672;187;255;861
2674;187;255;862
2676;187;255;863
2679;187;255;864
2681;186;256;865
2683;186;257;866
2686;188;257;867
2686;190;257;868
2690;189;257;869
2692;190;258;870
2692;189;258;871
2695;186;258;872
2695;185;259;873
2699;186;260;874
2699;187;260;875
2703;187;260;876
2705;186;260;877
2708;187;260;878
2708;187;260;879
2712;185;260;880
2712;186;260;881
2712;187;260;882
2712;186;260;883
2712;187;260;884
2721;187;261;885
2724;189;262;886
2724;188;263;887
2724;189;263;888
2724;190;263;889
2731;188;264;890
2731;187;264;891
2735;187;264;892
2738;187;265;893
2740;187;265;894
2742;186;265;895
2744;187;265;896
2746;187;265;897
2748;187;266;898
2751;189;266;899
2753;187;266;900
2755;189;266;901
2757;187;267;902
2760;187;267;903
2762;187;267;904
2764;188;268;905
2764;188;268;906
2764;189;269;907
2764;189;270;908
2774;189;270;909
2774;188;269;910
2774;186;269;911
2774;188;269;912
2774;187;270;913
2786;189;270;914
2786;188;271;915
2786;186;272;916
2786;187;272;917
2786;187;272;918
2797;189;272;919
2797;188;272;920
2797;188;274;921
2797;188;274;922
2797;187;273;923
2797;187;273;924
2809;189;273;925
2809;188;274;926
2809;187;274;927
2809;187;275;928
2809;187;275;929
2821;188;275;930
2821;189;275;931
2821;189;276;932
2821;189;276;933
2821;189;277;934
2831;188;277;935
2831;186;277;936
2831;185;278;937
2831;186;278;938
2831;186;278;939
2831;187;278;940
2831;188;278;941
2831;187;279;942
2842;186;279;943
2842;187;280;944
2842;189;280;945
2842;186;280;946
2842;188;281;947
2842;187;281;948
2853;186;281;949
2853;186;282;950
2853;187;283;951
2853;187;283;952
2864;187;283;953
2864;186;283;954
2864;186;284;955
2864;187;284;956
2864;185;284;957
2875;186;284;958
2875;187;285;959
2875;187;285;960
2880;188;286;961
2880;188;286;962
2884;188;286;963
2884;188;286;964
2888;189;287;965
2888;188;287;966
2893;189;288;967
2895;188;289;968
2897;186;289;969
2899;186;289;970
2899;187;289;971
2899;187;289;972
2899;188;289;973
2899;190;289;974
2899;188;290;975
2899;188;290;976
2910;188;290;977
2910;188;291;978
2910;186;291;979
2910;187;291;980
2919;187;291;981
2922;186;291;982
2924;187;292;983
2927;189;292;984
2929;188;293;985
2929;188;293;986
2932;187;294;987
2932;187;294;988
2936;188;294;989
2936;188;294;990
2939;187;295;991
2939;186;295;992
2943;188;295;993
2943;188;296;994
2943;188;296;995
2943;189;296;996
2953;188;296;997
2953;188;296;998
2953;187;296;999
2953;188;297;1000
2963;188;297;1001
2963;188;297;1002
2963;188;297;1003
2971;188;297;1004
2974;189;298;1005
2974;189;298;1006
2978;190;298;1007
2978;187;298;1008
2978;187;298;1009
2978;189;298;1010
2978;187;299;1011
2978;187;299;1012
2978;186;299;1013
2988;186;300;1014
2988;186;300;1015
2988;187;301;1016
2988;186;301;1017
2988;185;301;1018
2988;185;301;1019
2999;186;301;1020
2999;186;302;1021
3004;185;302;1022
3004;185;302;1023
3004;187;302;1024
3006;185;302;1025
3010;186;302;1026
3010;186;303;1027
3013;186;303;1028
3013;186;303;1029
3017;186;303;1030
3017;185;304;1031
3021;185;304;1032
3023;185;304;1033
3025;185;304;1034
3025;186;304;1035
3028;187;305;1036
3028;189;306;1037
3031;186;306;1038
3031;188;306;1039
3035;186;306;1040
3035;187;306;1041
3035;186;307;1042
3042;186;307;1043
3042;186;307;1044
3046;186;307;1045
3049;188;308;1046
3049;185;308;1047
3052;186;308;1048
3055;186;309;1049
3057;186;309;1050
3057;187;309;1051
3057;186;309;1052
3057;185;309;1053
3065;187;309;1054
3065;186;310;1055
3068;185;310;1056
3068;185;310;1057
3068;186;311;1058
3068;185;311;1059
3068;185;311;1060
3068;188;311;1061
3080;187;312;1062
3080;186;312;1063
3080;186;313;1064
3085;187;314;1065
3085;187;314;1066
3089;186;314;1067
3089;187;315;1068
3092;187;315;1069
3092;186;315;1070
3092;186;315;1071
3092;189;316;1072
3100;187;316;1073
3100;187;316;1074
3103;189;316;1075
3103;187;317;1076
3106;188;317;1077
3106;189;317;1078
3109;188;318;1079
3109;189;318;1080
3112;189;318;1081
3112;188;319;1082
3115;190;319;1083
3115;190;319;1084
3118;191;319;1085
3118;189;319;1086
3122;189;319;1087
3122;189;320;1088
3125;188;320;1089
3125;188;320;1090
3128;188;320;1091
3128;189;320;1092
3132;188;320;1093
3132;187;321;1094
3135;188;321;1095
3138;188;321;1096
3140;188;321;1097
3140;188;321;1098
3144;187;321;1099
3146;188;322;1100
3146;187;322;1101
3149;187;322;1102
3149;186;322;1103
3153;186;322;1104
3153;186;323;1105
3158;185;323;1106
3160;187;323;1107
3160;185;323;1108
3163;184;324;1109
3163;185;324;1110
3167;185;324;1111
3170;185;325;1112
3170;184;326;1113
3174;185;326;1114
3176;186;326;1115
3176;186;326;1116
3180;186;327;1117
3180;185;328;1118
3184;186;328;1119
3184;185;328;1120
3188;186;328;1121
3188;186;328;1122
3191;185;328;1123
3191;186;328;1124
3194;187;328;1125
3196;187;328;1126
3199;186;329;1127
3201;188;329;1128
3204;186;329;1129
3206;187;329;1130
3209;187;330;1131
3211;186;331;1132
3214;187;331;1133
3216;189;331;1134
3218;187;332;1135
3221;189;332;1136
3221;188;332;1137
3221;188;332;1138
3224;188;332;1139
3229;189;333;1140
3229;189;333;1141
3233;189;333;1142
3233;188;333;1143
3237;188;333;1144
3237;188;334;1145
3240;187;334;1146
3240;188;334;1147
3244;187;334;1148
3246;187;334;1149
3246;188;334;1150
3250;186;335;1151
3250;186;336;1152
3253;188;336;1153
3255;186;336;1154
3255;187;336;1155
3259;186;336;1156
3259;187;337;1157
3263;188;337;1158
3263;187;337;1159
3266;186;337;1160
3266;186;338;1161
3269;187;338;1162
3269;187;338;1163
3272;186;339;1164
3272;185;339;1165
3275;186;339;1166
3275;186;339;1167
3278;186;339;1168
3278;186;339;1169
3281;184;340;1170
3281;184;340;1171
3285;184;340;1172
3288;185;340;1173
3288;184;340;1174
3290;185;340;1175
3290;186;340;1176
3294;184;340;1177
3294;183;340;1178
3301;184;340;1179
3304;183;340;1180
3304;182;341;1181
3307;182;341;1182
3311;181;342;1183
3313;181;342;1184
3315;183;342;1185
3315;182;343;1186
3315;183;343;1187
3315;184;343;1188
3315;182;343;1189
3315;185;344;1190
3327;183;344;1191
3327;183;344;1192
3327;184;344;1193
3327;185;345;1194
3327;184;345;1195
3327;185;346;1196
3339;184;346;1197
3339;184;346;1198
3339;183;346;1199
3339;183;346;1200
3339;183;346;1201
3339;183;347;1202
3351;184;348;1203
3351;184;348;1204
3351;184;348;1205
3351;184;348;1206
3351;185;349;1207
3351;184;349;1208
3362;186;350;1209
3362;185;350;1210
3362;185;350;1211
3362;186;351;1212
3370;186;351;1213
3370;185;352;1214
3370;184;352;1215
3375;185;352;1216
3377;185;352;1217
3379;185;352;1218
3379;187;352;1219
3383;185;353;1220
3386;185;353;1221
3388;185;354;1222
3388;187;354;1223
3390;185;354;1224
3390;186;354;1225
3390;186;354;1226
3390;186;354;1227
3390;185;355;1228
3390;186;355;1229
3400;187;355;1230
3403;186;356;1231
3405;187;356;1232
3407;187;356;1233
3407;185;356;1234
3407;185;356;1235
3414;185;357;1236
3416;186;358;1237
3419;185;358;1238
3421;185;358;1239
3424;185;358;1240
3427;185;358;1241
3429;185;358;1242
3429;186;358;1243
3434;184;358;1244
3436;185;358;1245
3439;185;358;1246
3441;185;358;1247
3443;185;359;1248
3445;185;360;1249
3448;186;360;1250
3451;184;360;1251
3453;185;360;1252
3456;185;360;1253
3456;186;361;1254
3460;188;361;1255
3463;186;361;1256
3466;188;361;1257
3468;187;362;1258
3471;186;362;1259
3471;184;362;1260
3476;186;363;1261
3476;184;363;1262
3479;185;363;1263
3484;185;363;1264
3486;184;363;1265
3486;183;363;1266
3491;184;364;1267
3491;183;364;1268
3495;184;364;1269
3495;182;364;1270
3499;183;364;1271
3501;182;364;1272
3503;184;364;1273
3503;184;364;1274
3508;183;364;1275
3511;182;364;1276
3511;182;364;1277
3513;182;364;1278
3517;183;364;1279
3517;183;364;1280
3520;182;365;1281
3520;184;365;1282
3522;183;366;1283
3522;183;366;1284
3522;182;366;1285
3526;183;366;1286
3529;182;367;1287
3529;184;367;1288
3532;183;367;1289
3532;182;368;1290
3532;183;368;1291
3535;183;368;1292
3535;182;368;1293
3538;184;369;1294
3541;183;369;1295
3541;184;369;1296
3545;182;369;1297
3545;182;370;1298
3549;182;370;1299
3551;182;370;1300
3553;182;370;1301
3553;182;371;1302
3557;183;371;1303
3559;183;371;1304
3559;183;371;1305
3563;182;371;1306
3563;184;371;1307
3567;182;371;1308
3567;182;372;1309
3570;183;372;1310
3570;184;372;1311
3574;184;373;1312
3576;183;373;1313
3578;183;373;1314
3578;184;373;1315
3578;183;373;1316
3582;183;373;1317
3582;181;374;1318
3588;182;374;1319
3588;181;374;1320
3592;181;374;1321
3595;180;374;1322
3597;179;374;1323
3599;180;375;1324
3599;178;375;1325
3604;179;375;1326
3607;179;376;1327
3609;179;376;1328
3611;180;377;1329
3611;179;377;1330
3617;180;377;1331
3620;179;377;1332
3623;180;377;1333
3626;180;377;1334
3628;180;377;1335
3628;179;377;1336
3634;180;377;1337
3637;182;377;1338
3637;180;377;1339
3642;181;377;1340
3645;182;378;1341
3645;183;378;1342
3648;181;378;1343
3648;183;378;1344
3650;182;378;1345
3654;181;378;1346
3656;181;378;1347
3658;182;378;1348
3658;182;378;1349
3664;182;379;1350
3666;183;379;1351
3669;181;379;1352
3672;181;379;1353
3672;182;379;1354
3679;181;379;1355
3682;182;379;1356
3686;183;379;1357
3689;181;379;1358
3692;182;379;1359
3695;182;379;1360
3698;182;379;1361
3701;182;380;1362
3704;182;380;1363
3704;183;380;1364
3709;182;380;1365
3712;180;380;1366
3715;180;380;1367
3717;180;380;1368
3720;180;380;1369
3723;179;381;1370
3725;181;381;1371
3728;180;381;1372
3731;180;381;1373
3734;181;381;1374
3734;180;381;1375
3739;179;380;1376
3741;179;380;1377
3741;179;380;1378
3746;179;381;1379
3748;178;381;1380
3751;177;381;1381
3754;179;381;1382
3757;176;381;1383
3759;176;381;1384
3762;175;381;1385
3765;175;381;1386
3767;175;381;1387
3770;177;382;1388
3773;176;382;1389
3775;177;382;1390
3777;177;382;1391
3777;176;382;1392
3777;177;382;1393
3784;177;383;1394
3786;177;383;1395
3789;178;383;1396
3791;178;383;1397
3794;178;382;1398
3797;177;383;1399
3800;178;383;1400
3804;178;383;1401
3807;180;383;1402
3810;179;383;1403
3814;179;383;1404
3817;180;383;1405
3820;178;383;1406
3823;179;383;1407
3826;179;383;1408
3829;181;383;1409
3832;180;384;1410
3835;179;384;1411
3838;180;384;1412
3841;180;384;1413
3844;179;384;1414
3846;179;384;1415
3849;180;384;1416
3852;181;385;1417
3855;182;385;1418
3858;180;385;1419
3861;180;385;1420
3864;180;385;1421
3867;179;385;1422
3870;179;385;1423
3873;179;385;1424
3876;180;385;1425
3879;181;386;1426
3881;178;386;1427
3881;178;386;1428
3886;179;386;1429
3889;178;387;1430
3891;178;387;1431
3893;179;387;1432
3896;178;387;1433
3898;178;387;1434
3901;178;388;1435
3903;178;388;1436
3907;178;388;1437
3909;178;388;1438
3912;179;388;1439
3915;178;389;1440
3917;179;389;1441
3920;178;389;1442
3923;179;389;1443
3926;180;389;1444
3926;179;389;1445
3931;180;389;1446
3933;180;389;1447
3935;179;389;1448
3938;180;389;1449
3940;179;389;1450
3943;180;389;1451
3946;180;389;1452
3946;180;389;1453
3951;180;389;1454
3951;180;389;1455
3957;180;389;1456
3960;180;389;1457
3963;180;389;1458
3966;181;389;1459
3969;179;389;1460
3972;180;389;1461
3975;180;389;1462
3977;179;389;1463
3980;178;389;1464
3984;179;389;1465
3987;179;389;1466
3991;178;389;1467
3995;179;389;1468
3998;179;389;1469
4001;178;389;1470
4001;178;389;1471
4004;177;389;1472
4004;177;389;1473
4008;176;389;1474
4015;177;389;1475
4015;177;388;1476
4019;178;388;1477
4022;177;388;1478
4030;178;388;1479
4032;177;388;1480
4035;177;388;1481
4039;178;388;1482
4042;178;388;1483
4045;177;388;1484
4049;177;388;1485
4052;176;388;1486
4052;177;388;1487
4052;177;388;1488
4063;177;388;1489
4066;176;388;1490
4069;176;388;1491
4073;176;388;1492
4076;177;388;1493
4080;176;388;1494
4083;177;388;1495
4083;176;388;1496
4090;177;388;1497
4094;177;388;1498
4094;177;388;1499
4101;177;388;1500
4104;177;388;1501
4104;177;387;1502
4111;175;387;1503
4114;177;387;1504
4114;176;387;1505
4121;176;387;1506
4121;176;387;1507
4127;176;387;1508
4131;177;386;1509
4134;176;387;1510
4137;176;387;1511
4140;176;387;1512
4143;175;386;1513
4143;175;386;1514
4149;175;387;1515
4149;174;387;1516
4154;174;387;1517
4157;174;387;1518
4157;175;387;1519
4162;174;387;1520
4165;175;387;1521
4168;175;387;1522
4171;175;388;1523
4174;175;388;1524
4174;176;388;1525
4181;177;388;1526
4185;176;388;1527
4188;177;389;1528
4191;178;389;1529
4191;178;389;1530
4194;178;389;1531
4201;178;389;1532
4204;178;389;1533
4207;178;389;1534
4210;179;389;1535
4210;180;389;1536
4215;179;389;1537
4217;179;389;1538
4219;179;389;1539
4222;179;389;1540
4222;179;389;1541
4229;179;389;1542
4229;180;389;1543
4235;179;389;1544
4237;180;389;1545
4240;178;390;1546
4242;179;390;1547
4245;181;390;1548
4245;179;390;1549
4250;179;390;1550
4252;179;390;1551
4254;180;390;1552
4254;179;390;1553
4258;179;391;1554
4258;179;391;1555
4261;179;391;1556
4263;179;390;1557
4266;180;391;1558
4269;179;391;1559
4271;180;391;1560
4273;180;391;1561
4273;181;391;1562
4277;180;391;1563
4277;180;392;1564
4281;180;392;1565
4284;181;392;1566
4287;180;392;1567
4291;180;392;1568
4291;180;392;1569
4297;179;392;1570
4301;179;392;1571
4304;180;392;1572
4306;179;393;1573
4306;179;393;1574
4312;179;393;1575
4315;179;393;1576
4318;178;393;1577
4321;179;393;1578
4324;178;393;1579
4324;178;394;1580
4327;178;394;1581
4333;179;394;1582
4336;179;394;1583
4339;178;394;1584
4339;179;394;1585
4344;179;394;1586
4344;179;394;1587
4349;179;395;1588
4352;179;395;1589
4355;179;395;1590
4358;180;395;1591
4358;180;395;1592
4363;181;395;1593
4365;180;395;1594
4368;180;395;1595
4371;181;395;1596
4374;180;395;1597
4377;181;395;1598
4381;181;395;1599
4384;181;395;1600
4387;181;395;1601
4391;181;395;1602
4393;180;395;1603
4396;179;395;1604
4399;180;395;1605
4403;182;395;1606
4403;181;395;1607
4410;180;395;1608
4413;181;395;1609
4416;181;395;1610
4420;180;395;1611
4424;181;395;1612
4424;181;395;1613
4430;181;394;1614
4433;181;394;1615
4437;180;394;1616
4441;181;394;1617
4441;180;394;1618
4448;180;394;1619
4448;180;394;1620
4452;178;394;1621
4452;179;393;1622
4463;179;392;1623
4463;179;392;1624
4463;179;392;1625
4475;180;392;1626
4479;179;391;1627
4482;179;391;1628
4485;179;391;1629
4485;179;391;1630
4492;178;391;1631
4496;179;391;1632
4500;180;391;1633
4503;179;391;1634
4507;177;390;1635
4511;178;390;1636
4515;177;390;1637
4518;178;390;1638
4522;179;390;1639
4526;179;390;1640
4526;179;390;1641
4530;179;389;1642
4538;179;388;1643
4538;179;388;1644
4538;180;388;1645
4551;179;387;1646
4555;178;387;1647
4555;179;387;1648
4555;179;388;1649
4568;180;388;1650
4572;180;387;1651
4576;181;387;1652
4579;180;387;1653
4583;181;387;1654
4583;180;387;1655
4583;180;387;1656
4595;180;388;1657
4595;181;388;1658
4595;181;388;1659
4606;180;388;1660
4606;180;388;1661
4606;181;387;1662
4606;180;387;1663
4620;181;387;1664
4620;181;387;1665
4632;181;387;1666
4632;181;387;1667
4632;181;386;1668
4645;182;386;1669
4645;181;386;1670
4645;180;386;1671
4659;181;386;1672
4659;181;386;1673
4659;182;386;1674
4674;181;386;1675
4679;181;386;1676
4683;181;386;1677
4688;180;386;1678
4693;181;386;1679
4697;181;386;1680
4702;181;385;1681
4705;182;385;1682
4709;182;385;1683
4713;180;385;1684
4713;181;385;1685
4720;181;385;1686
4724;182;385;1687
4724;181;385;1688
4731;180;385;1689
4731;181;385;1690
4737;181;385;1691
4741;181;385;1692
4744;182;385;1693
4748;181;385;1694
4748;183;385;1695
4755;181;384;1696
4759;182;384;1697
4762;181;384;1698
4765;181;384;1699
4768;183;383;1700
4768;183;383;1701
4776;182;383;1702
4780;181;383;1703
4780;181;383;1704
4788;181;383;1705
4792;180;382;1706
4797;180;382;1707
4801;182;382;1708
4806;180;382;1709
4811;179;382;1710
4815;180;382;1711
4815;180;382;1712
4824;180;382;1713
4824;182;382;1714
4832;180;382;1715
4836;180;381;1716
4840;180;381;1717
4844;180;381;1718
4848;180;381;1719
4853;179;381;1720
4857;179;379;1721
4862;179;378;1722
4866;178;378;1723
4871;177;378;1724
4874;177;378;1725
4878;178;378;1726
4882;178;378;1727
4886;178;378;1728
4890;178;378;1729
4890;177;377;1730
4897;178;377;1731
4897;178;376;1732
4904;177;375;1733
4907;177;374;1734
4910;177;374;1735
4913;177;374;1736
4916;175;374;1737
4920;172;374;1738
4920;173;374;1739
4926;173;374;1740
4930;174;374;1741
4933;173;374;1742
4936;175;374;1743
4939;177;374;1744
4941;177;374;1745
4944;175;373;1746
4946;175;373;1747
4948;175;373;1748
4951;176;373;1749
4953;177;373;1750
4956;177;372;1751
4956;178;373;1752
4958;178;373;1753
4961;178;372;1754
4964;177;372;1755
4967;178;372;1756
4970;177;372;1757
4970;178;372;1758
4977;178;372;1759
4981;177;372;1760
4984;179;372;1761
4988;177;372;1762
4988;177;372;1763
4992;177;372;1764
4999;178;372;1765
5003;177;372;1766
5003;176;372;1767
5003;176;372;1768
5011;177;372;1769
5014;177;372;1770
5018;177;372;1771
5018;178;372;1772
5018;178;373;1773
5029;179;373;1774
5032;179;373;1775
5035;179;373;1776
5035;179;373;1777
5041;180;373;1778
5044;180;373;1779
5044;180;373;1780
5051;179;373;1781
5054;180;373;1782
5057;179;373;1783
5061;180;373;1784
5063;180;373;1785
5066;179;373;1786
5069;178;373;1787
5073;179;373;1788
5073;178;374;1789
5079;178;374;1790
5081;179;374;1791
5084;179;374;1792
5087;178;373;1793
5090;179;374;1794
5093;178;374;1795
5096;178;374;1796
5099;178;374;1797
5101;177;374;1798
5103;177;374;1799
5107;180;374;1800
5111;180;374;1801
5114;179;374;1802
5117;180;374;1803
5117;179;374;1804
5123;180;374;1805
5126;179;374;1806
5130;179;375;1807
5134;178;375;1808
5137;177;375;1809
5141;179;375;1810
5145;179;376;1811
5148;178;376;1812
5151;181;376;1813
5153;182;376;1814
5153;180;376;1815
5159;182;376;1816
5159;183;376;1817
5166;183;376;1818
5168;184;376;1819
5171;182;377;1820
5175;182;377;1821
5175;183;377;1822
5180;182;377;1823
5180;182;377;1824
5184;184;377;1825
5187;184;377;1826
5191;182;377;1827
5194;181;377;1828
5197;183;377;1829
5197;182;378;1830
5203;182;378;1831
5206;182;377;1832
5206;182;378;1833
5209;183;378;1834
5209;184;378;1835
5218;184;378;1836
5221;184;378;1837
5221;183;378;1838
5226;183;378;1839
5228;182;378;1840
5228;184;378;1841
5231;184;378;1842
5231;184;378;1843
5241;183;378;1844
5241;183;378;1845
5241;183;378;1846
5254;183;378;1847
5254;183;378;1848
5254;184;378;1849
5254;184;378;1850
5265;184;378;1851
5265;184;378;1852
5265;183;378;1853
5265;182;378;1854
5278;182;378;1855
5278;184;378;1856
5278;184;378;1857
5289;181;378;1858
5289;181;378;1859
5289;181;377;1860
5300;181;377;1861
5300;181;377;1862
5300;181;377;1863
5310;181;377;1864
5310;181;377;1865
5310;180;377;1866
5310;181;377;1867
5322;182;376;1868
5322;179;376;1869
5322;179;376;1870
5331;178;376;1871
5334;177;376;1872
5334;177;376;1873
5337;178;376;1874
5342;178;375;1875
5342;178;374;1876
5342;179;374;1877
5342;179;374;1878
5342;180;373;1879
5354;180;373;1880
5354;179;372;1881
5366;179;372;1882
5366;179;372;1883
5379;179;371;1884
5379;179;371;1885
5379;178;371;1886
5392;178;371;1887
5392;177;371;1888
5392;176;371;1889
5402;175;371;1890
5402;177;371;1891
5402;178;370;1892
5413;179;370;1893
5413;178;370;1894
5413;175;369;1895
5424;177;369;1896
5424;176;369;1897
5424;173;369;1898
5424;174;369;1899
5424;174;369;1900
5436;174;369;1901
5436;174;368;1902
5449;174;368;1903
5449;175;368;1904
5449;174;368;1905
5459;175;368;1906
5459;175;368;1907
5463;176;368;1908
5466;177;368;1909
5469;176;368;1910
5473;176;368;1911
5477;177;369;1912
5481;179;369;1913
5481;177;369;1914
5488;177;369;1915
5491;178;370;1916
5491;178;370;1917
5497;179;370;1918
5501;177;370;1919
5505;177;370;1920
5505;178;370;1921
5508;177;369;1922
5508;181;369;1923
5508;179;368;1924
5520;179;368;1925
5520;178;368;1926
5520;178;368;1927
5532;178;368;1928
5532;178;368;1929
5532;177;368;1930
5543;178;366;1931
5543;177;365;1932
5551;177;365;1933
5551;175;365;1934
5558;177;365;1935
5562;177;365;1936
5566;175;365;1937
5569;175;364;1938
5572;176;363;1939
5574;176;363;1940
5574;177;363;1941
5574;176;363;1942
5586;176;363;1943
5586;176;363;1944
5586;178;363;1945
5597;180;363;1946
5597;179;363;1947
5597;180;362;1948
5610;178;362;1949
5610;177;361;1950
5610;174;360;1951
5622;173;360;1952
5622;173;360;1953
5622;172;360;1954
5622;172;360;1955
5622;173;359;1956
5634;172;358;1957
5634;173;358;1958
5641;173;357;1959
5641;173;357;1960
5641;172;357;1961
5651;172;356;1962
5654;172;355;1963
5656;172;355;1964
5659;172;355;1965
5659;173;355;1966
5659;173;354;1967
5659;174;354;1968
5669;172;354;1969
5669;172;354;1970
5669;172;354;1971
5677;172;354;1972
5677;172;354;1973
5677;172;354;1974
5677;173;354;1975
5688;171;354;1976
5688;171;354;1977
5692;171;354;1978
5692;169;353;1979
5696;171;353;1980
5702;172;353;1981
5702;173;352;1982
5705;173;351;1983
5705;173;350;1984
5715;173;350;1985
5715;174;350;1986
5715;174;350;1987
5727;174;349;1988
5727;174;348;1989
5727;174;348;1990
5736;175;348;1991
5739;175;348;1992
5742;175;348;1993
5745;173;347;1994
5745;173;347;1995
5750;172;346;1996
5750;173;345;1997
5750;175;345;1998
5761;173;344;1999
5764;174;344;2000
5767;173;344;2001
5771;171;344;2002
5774;171;344;2003
5774;172;342;2004
5781;171;342;2005
5786;170;342;2006
5786;170;342;2007
5786;172;342;2008
5797;172;342;2009
5797;172;342;2010
5797;173;342;2011
5797;173;342;2012
5811;173;342;2013
5813;173;341;2014
5816;173;341;2015
5819;172;341;2016
5823;173;340;2017
5826;172;340;2018
5829;173;339;2019
5829;173;339;2020
5835;173;338;2021
5837;173;339;2022
5837;173;339;2023
5840;173;339;2024
5846;174;339;2025
5846;174;338;2026
5846;175;338;2027
5846;176;337;2028
5846;175;337;2029
5846;175;336;2030
5863;175;336;2031
5863;174;336;2032
5863;174;336;2033
5876;174;336;2034
5879;175;336;2035
5883;174;335;2036
5887;174;334;2037
5887;173;334;2038
5896;174;334;2039
5900;174;334;2040
5903;173;334;2041
5908;173;334;2042
5911;174;333;2043
5916;174;333;2044
5920;172;333;2045
5924;173;332;2046
5924;174;331;2047
5932;172;330;2048
5936;173;330;2049
5941;172;330;2050
5945;173;329;2051
5949;171;328;2052
5952;173;328;2053
5955;173;326;2054
5958;173;325;2055
5961;173;325;2056
5964;173;325;2057
5967;172;324;2058
5971;172;324;2059
5971;171;324;2060
5977;171;323;2061
5980;172;322;2062
5984;172;322;2063
5984;175;319;2064
5990;173;319;2065
5994;173;319;2066
5998;173;319;2067
6003;173;319;2068
6003;174;319;2069
6003;174;318;2070
6010;175;318;2071
6014;176;318;2072
6018;174;316;2073
6018;173;315;2074
6025;172;315;2075
6029;171;314;2076
6032;170;313;2077
6036;171;313;2078
6039;170;313;2079
6043;172;312;2080
6047;171;311;2081
6047;171;311;2082
6055;171;311;2083
6059;172;310;2084
6063;173;309;2085
6063;172;309;2086
6070;171;309;2087
6072;171;308;2088
6075;170;308;2089
6077;167;307;2090
6080;168;307;2091
6082;170;307;2092
6084;170;306;2093
6084;170;306;2094
6088;171;306;2095
6088;170;306;2096
6092;169;306;2097
6094;167;306;2098
6094;165;306;2099
6097;166;306;2100
6097;166;305;2101
6101;166;305;2102
6105;166;305;2103
6108;166;305;2104
6110;166;306;2105
6113;166;306;2106
6115;166;306;2107
6115;167;306;2108
6117;168;306;2109
6121;167;306;2110
6123;167;306;2111
6126;165;307;2112
6128;167;307;2113
6131;167;307;2114
6133;166;307;2115
6136;166;307;2116
6139;166;307;2117
6143;166;307;2118
6146;167;307;2119
6149;169;307;2120
6149;169;307;2121
6157;171;307;2122
6161;174;307;2123
6164;172;307;2124
6168;172;307;2125
6171;172;307;2126
6174;170;307;2127
6177;171;306;2128
6180;171;306;2129
6180;172;305;2130
6186;172;305;2131
6186;170;304;2132
6192;169;304;2133
6196;169;304;2134
6196;169;304;2135
6202;168;304;2136
6202;167;305;2137
6209;168;305;2138
6212;168;304;2139
6215;167;304;2140
6218;167;303;2141
6222;167;303;2142
6222;168;303;2143
6222;166;303;2144
6236;166;303;2145
6236;165;302;2146
6236;166;302;2147
6248;166;302;2148
6248;165;301;2149
6248;165;300;2150
6258;168;300;2151
6258;168;300;2152
6258;168;300;2153
6268;167;300;2154
6268;169;300;2155
6273;167;300;2156
6273;168;300;2157
6273;171;300;2158
6273;170;300;2159
6273;170;300;2160
6280;171;300;2161
6280;171;300;2162
6284;168;300;2163
6287;169;300;2164
6290;169;300;2165
6290;170;300;2166
6290;171;300;2167
6301;173;300;2168
6301;174;300;2169
6301;174;300;2170
6314;174;300;2171
6314;175;299;2172
6314;175;299;2173
6326;175;299;2174
6326;175;299;2175
6326;172;299;2176
6338;172;298;2177
6338;171;298;2178
6338;172;297;2179
6349;172;296;2180
6349;169;296;2181
6349;169;296;2182
6349;169;296;2183
6362;169;296;2184
6362;169;297;2185
6362;168;297;2186
6362;168;297;2187
6372;169;297;2188
6372;168;297;2189
6372;169;297;2190
6372;169;297;2191
6372;169;298;2192
6372;169;298;2193
6372;169;298;2194
6372;169;298;2195
6372;169;298;2196
6372;168;298;2197
6385;168;298;2198
6385;168;298;2199
6385;165;298;2200
6397;165;298;2201
6397;165;298;2202
6397;166;298;2203
6408;165;296;2204
6408;165;295;2205
6408;163;296;2206
6408;163;296;2207
6408;163;296;2208
6420;167;296;2209
6420;168;296;2210
6420;168;296;2211
6429;169;296;2212
6431;167;296;2213
6431;167;296;2214
6436;166;296;2215
6439;164;294;2216
6441;161;294;2217
6444;157;294;2218
6444;156;294;2219
6452;155;294;2220
6455;156;293;2221
6459;156;293;2222
6462;156;293;2223
6465;155;293;2224
6465;157;293;2225
6465;159;293;2226
6475;162;293;2227
6475;160;294;2228
6475;159;294;2229
6475;159;294;2230
6488;159;294;2231
6488;161;294;2232
6503;162;294;2233
6503;161;294;2234
6503;161;294;2235
6514;165;294;2236
6514;167;293;2237
6514;167;294;2238
6514;167;294;2239
6514;167;294;2240
6525;168;294;2241
6525;169;293;2242
6525;170;293;2243
6525;170;293;2244
6538;171;293;2245
6538;171;293;2246
6538;171;293;2247
6549;171;293;2248
6549;172;293;2249
6549;174;293;2250
6561;174;293;2251
6561;173;292;2252
6561;173;292;2253
6561;175;292;2254
6575;175;292;2255
6575;175;292;2256
6575;175;292;2257
6588;174;292;2258
6588;173;292;2259
6588;174;292;2260
6602;174;292;2261
6602;175;292;2262
6602;175;292;2263
6602;175;292;2264
6614;172;292;2265
6614;172;292;2266
6614;175;292;2267
6625;173;290;2268
6625;173;290;2269
6625;173;290;2270
6625;173;290;2271
6625;173;290;2272
6639;176;290;2273
6639;174;290;2274
6639;174;290;2275
6651;172;290;2276
6651;174;290;2277
6651;172;290;2278
6651;172;290;2279
6664;171;290;2280
6664;171;290;2281
6664;170;290;2282
6677;171;290;2283
6677;172;290;2284
6677;171;290;2285
6688;171;290;2286
6688;170;289;2287
6688;171;289;2288
6688;171;289;2289
6688;173;289;2290
6688;172;289;2291
6699;173;288;2292
6699;174;287;2293
6705;174;287;2294
6705;174;286;2295
6705;172;286;2296
6705;172;286;2297
6714;172;286;2298
6714;172;286;2299
6714;173;286;2300
6727;173;285;2301
6727;173;285;2302
6727;172;285;2303
6727;171;285;2304
6737;169;285;2305
6737;170;285;2306
6737;171;285;2307
6737;170;284;2308
6749;170;284;2309
6749;171;284;2310
6749;171;284;2311
6759;170;283;2312
6759;170;283;2313
6759;170;283;2314
6759;170;283;2315
6771;169;283;2316
6771;170;282;2317
6771;171;281;2318
6771;169;281;2319
6783;171;280;2320
6783;170;280;2321
6783;171;280;2322
6783;169;280;2323
6795;171;280;2324
6795;171;280;2325
6795;172;280;2326
6795;172;280;2327
6805;171;279;2328
6805;171;279;2329
6805;170;278;2330
6805;171;278;2331
6818;171;278;2332
6818;170;278;2333
6818;171;278;2334
6818;171;279;2335
6828;170;279;2336
6828;169;278;2337
6828;169;278;2338
6828;169;277;2339
6828;169;276;2340
6840;169;276;2341
6840;167;277;2342
6840;167;277;2343
6853;170;277;2344
6853;170;276;2345
6853;170;276;2346
6867;168;276;2347
6867;169;276;2348
6867;169;276;2349
6881;169;276;2350
6881;171;276;2351
6881;170;276;2352
6881;170;276;2353
6892;171;276;2354
6892;171;276;2355
6904;171;276;2356
6904;171;276;2357
6904;171;276;2358
6915;170;276;2359
6915;170;276;2360
6915;170;276;2361
6915;170;276;2362
6927;173;276;2363
6927;172;277;2364
6927;174;278;2365
6938;175;278;2366
6938;176;278;2367
6938;176;277;2368
6938;174;277;2369
6948;175;277;2370
6948;177;276;2371
6948;175;276;2372
6948;177;276;2373
6959;177;276;2374
6959;177;276;2375
6959;176;276;2376
6959;176;276;2377
6970;177;276;2378
6970;177;276;2379
6970;176;276;2380
6982;176;276;2381
6982;174;276;2382
6989;173;276;2383
6993;173;276;2384
6993;174;276;2385
7000;177;276;2386
7000;177;276;2387
7000;176;274;2388
7003;176;274;2389
7009;176;274;2390
7012;174;274;2391
7012;174;274;2392
7018;175;275;2393
7018;176;275;2394
7018;177;274;2395
7018;177;274;2396
7030;177;274;2397
7034;176;274;2398
7034;176;274;2399
7038;175;274;2400
7038;175;274;2401
7038;175;274;2402
7049;175;274;2403
7049;174;273;2404
7060;174;273;2405
7060;172;273;2406
7060;172;273;2407
7060;173;272;2408
7074;173;271;2409
7074;174;271;2410
7074;174;271;2411
7085;175;270;2412
7085;175;270;2413
7085;176;270;2414
7095;174;270;2415
7095;174;270;2416
7095;175;270;2417
7095;175;270;2418
7107;175;270;2419
7107;175;270;2420
7107;176;270;2421
7107;176;270;2422
7117;174;270;2423
7117;174;270;2424
7117;173;270;2425
7128;172;269;2426
7128;172;269;2427
7128;172;269;2428
7128;170;269;2429
7139;172;269;2430
7139;172;269;2431
7139;173;269;2432
7152;173;269;2433
7152;173;269;2434
7152;174;269;2435
7152;174;269;2436
7163;174;269;2437
7163;174;269;2438
7163;174;269;2439
7178;173;269;2440
7178;175;269;2441
7178;174;269;2442
7192;175;269;2443
7192;175;269;2444
7200;175;269;2445
7204;175;268;2446
7207;176;268;2447
7210;174;268;2448
7210;176;268;2449
7216;175;268;2450
7219;175;268;2451
7222;175;268;2452
7225;175;267;2453
7228;175;267;2454
7228;174;267;2455
7235;175;266;2456
7239;176;266;2457
7242;177;266;2458
7246;176;266;2459
7250;177;266;2460
7254;175;266;2461
7258;176;266;2462
7262;175;266;2463
7265;173;266;2464
7268;172;266;2465
7268;174;266;2466
7274;177;266;2467
7274;176;266;2468
7280;176;266;2469
7283;177;266;2470
7283;175;266;2471
7290;175;266;2472
7294;174;266;2473
7299;176;266;2474
7304;177;266;2475
7309;178;266;2476
7309;176;265;2477
7319;176;265;2478
7319;176;265;2479
7332;176;265;2480
7336;177;264;2481
7336;175;264;2482
7341;175;264;2483
7348;177;263;2484
7348;176;262;2485
7348;176;262;2486
7348;174;262;2487
7358;173;262;2488
7358;173;262;2489
7358;175;262;2490
7358;175;262;2491
7368;176;262;2492
7368;177;262;2493
7368;177;262;2494
7368;177;262;2495
7368;177;262;2496
7379;178;262;2497
7379;176;262;2498
7379;176;262;2499
7379;176;262;2500
7379;178;262;2501
7379;176;262;2502
7379;177;261;2503
7379;175;261;2504
7391;175;261;2505
7391;175;261;2506
7391;174;261;2507
7403;172;261;2508
7403;172;261;2509
7403;174;261;2510
7403;174;261;2511
7415;172;260;2512
7415;175;261;2513
7415;176;261;2514
7415;177;261;2515
7415;178;260;2516
7427;177;259;2517
7427;177;259;2518
7427;178;259;2519
7427;178;259;2520
7427;176;258;2521
7427;174;259;2522
7438;173;259;2523
7438;172;259;2524
7438;176;259;2525
7438;177;259;2526
7438;177;259;2527
7438;179;260;2528
7438;179;261;2529
7438;177;261;2530
7448;178;261;2531
7448;177;261;2532
7448;177;261;2533
7448;177;261;2534
7448;177;261;2535
7448;177;261;2536
7458;179;261;2537
7458;179;261;2538
7458;179;261;2539
7458;180;261;2540
7458;180;261;2541
7468;180;261;2542
7468;180;261;2543
7468;181;261;2544
7468;180;261;2545
7480;180;261;2546
7480;180;261;2547
7480;180;261;2548
7480;178;261;2549
7490;178;261;2550
7490;178;261;2551
7490;178;262;2552
7490;178;262;2553
7490;177;262;2554
7503;179;262;2555
7503;178;262;2556
7503;179;262;2557
7503;179;262;2558
7516;180;262;2559
7516;180;263;2560
7521;181;263;2561
7524;180;263;2562
7524;181;263;2563
7524;182;263;2564
7536;182;263;2565
7539;182;263;2566
7539;183;263;2567
7539;181;262;2568
7539;181;262;2569
7550;181;262;2570
7550;180;262;2571
7550;181;262;2572
7550;181;262;2573
7562;181;262;2574
7562;181;262;2575
7562;181;262;2576
7562;180;262;2577
7562;180;261;2578
7562;180;261;2579
7562;178;261;2580
7573;178;261;2581
7573;177;261;2582
7573;177;261;2583
7573;177;262;2584
7573;178;262;2585
7584;179;262;2586
7584;179;262;2587
7584;179;262;2588
7584;178;262;2589
7584;178;262;2590
7584;179;262;2591
7584;179;262;2592
7596;179;262;2593
7596;180;261;2594
7596;181;261;2595
7596;182;261;2596
7608;182;261;2597
7608;181;261;2598
7608;180;261;2599
7619;181;261;2600
7630;181;261;2601
7630;181;261;2602
7641;180;261;2603
7641;180;261;2604
7641;181;260;2605
7655;182;260;2606
7655;183;259;2607
7655;180;259;2608
7667;183;259;2609
7667;183;259;2610
7667;182;259;2611
7667;181;259;2612
7678;181;258;2613
7678;181;257;2614
7678;181;257;2615
7688;180;257;2616
7688;180;257;2617
7688;179;257;2618
7688;178;257;2619
7698;180;257;2620
7698;180;256;2621
7698;180;256;2622
7698;181;256;2623
7698;182;256;2624
7698;182;256;2625
7698;182;256;2626
7711;182;256;2627
7711;183;256;2628
7711;181;255;2629
7721;182;255;2630
7721;181;255;2631
7721;181;255;2632
7721;181;255;2633
7732;180;255;2634
7732;180;255;2635
7732;179;255;2636
7745;180;255;2637
7745;179;254;2638
7745;179;254;2639
7756;178;253;2640
7756;178;253;2641
7766;177;253;2642
7766;177;252;2643
7776;177;252;2644
7776;177;252;2645
7787;177;252;2646
7798;175;252;2647
7798;174;252;2648
7813;176;251;2649
7813;178;251;2650
7813;178;251;2651
7825;178;250;2652
7825;177;250;2653
7825;177;250;2654
7837;176;250;2655
7837;176;250;2656
7837;175;250;2657
7837;172;250;2658
7837;174;249;2659
7849;174;249;2660
7849;175;249;2661
7849;173;249;2662
7849;175;249;2663
7849;176;249;2664
7861;176;249;2665
7861;173;249;2666
7861;174;249;2667
7861;175;249;2668
7874;175;248;2669
7874;175;248;2670
7874;175;248;2671
7874;175;248;2672
7887;176;249;2673
7887;176;249;2674
7887;177;249;2675
7887;177;249;2676
7899;179;249;2677
7899;177;249;2678
7899;177;249;2679
7899;177;249;2680
7911;177;249;2681
7911;176;249;2682
7911;176;249;2683
7911;178;249;2684
7911;178;249;2685
7923;178;249;2686
7923;176;249;2687
7923;176;249;2688
7923;176;248;2689
7934;176;248;2690
7934;177;248;2691
7934;177;248;2692
7934;176;248;2693
7934;177;248;2694
7947;178;248;2695
7947;178;249;2696
7947;178;249;2697
7958;177;249;2698
7958;179;249;2699
7958;180;249;2700
7969;180;249;2701
7982;181;249;2702
7982;181;249;2703
7993;182;249;2704
7993;180;249;2705
7993;180;249;2706
8008;181;249;2707
8008;183;249;2708
8008;183;248;2709
8008;183;248;2710
8021;182;248;2711
8021;182;248;2712
8021;181;247;2713
8021;180;246;2714
8034;180;246;2715
8034;178;247;2716
8048;178;247;2717
8048;180;247;2718
8048;181;248;2719
8048;181;248;2720
8062;180;248;2721
8062;183;248;2722
8076;181;248;2723
8076;181;248;2724
8076;180;248;2725
8091;181;248;2726
8091;181;248;2727
8091;183;248;2728
8091;182;248;2729
8102;183;248;2730
8102;182;248;2731
8102;181;248;2732
8102;183;248;2733
8116;183;248;2734
8124;181;248;2735
8128;182;248;2736
8131;180;248;2737
8134;180;248;2738
8137;180;249;2739
8137;180;249;2740
8143;181;249;2741
8146;180;249;2742
8150;180;249;2743
8154;181;249;2744
8157;180;249;2745
8160;180;249;2746
8164;180;249;2747
8167;179;249;2748
8167;179;249;2749
8170;178;249;2750
8176;177;249;2751
8180;178;249;2752
8183;179;249;2753
8186;180;249;2754
8188;180;249;2755
8191;180;250;2756
8193;180;250;2757
8193;181;250;2758
8201;180;251;2759
8204;180;251;2760
8204;180;251;2761
8211;182;251;2762
8211;180;251;2763
8217;181;251;2764
8220;182;251;2765
8223;180;251;2766
8223;180;252;2767
8229;181;252;2768
8232;180;252;2769
8232;180;252;2770
8239;180;252;2771
8242;180;252;2772
8245;179;252;2773
8248;178;252;2774
8250;178;252;2775
8250;178;252;2776
8253;178;253;2777
8253;178;253;2778
8253;178;253;2779
8253;178;253;2780
